Parameter,Value
Kappa_G,3.1915832538980164
Unit Cost (USD/t),3102359.227033731
Yearly Net Capacity (t),168255.05001135066
Mass Ratio R,1.5957916269490082
