Parameter,Value
Kappa_G,2.0745291150337106
Unit_Cost_USD_t,931533.4975719254
Yearly_Net_Capacity_t,258853.92309438562
Payload_per_Launch_t,2892.2226044065433
